filename,terms
1246461999917207555.png,
1243214212383404032.png,they the while source that installing kids heard are check decided schools out from may
1247009584516038658.png,with users however ideal under citizen thousands gates national newton korean can 19 recognized gone from they trying bill opinion everyone tests day serious down kids heard every alleged currently obtain most bible this new installing reply test been seem ace check receives has system mark the covid successful pore saying may mercy while for have media seattle tracking digital but fulfillment individual one are isaac track earth beast out and get especially source satanic should well schools purposes like who gate that not stands there called south many linked criticism
1255041591820972032.png,with users however ideal under citizen thousands gates national newton korean can 19 recognized gone from trying they bill opinion everyone tests day serious down every alleged currently obtain most tan bible this new ate reply test been seem ace receives has system mark the covid successful pore saying for have media seattle tracking digital but fulfillment individual one are isaac track earth beast and get especially satanic should well purposes like who gate that not stands there called south many linked criticism
1247942919731974146.png,microwave humans free structural potential dangerous harmful listen interview from neurological how instance goes race echoes deficits entitled radiation general serious functional doctors growing credit steele radicals damage changes tan you quote this evidence stress health scientists risk damages cancer system symptoms idea genetic mark the animals increase warned disorders appeal horrifying for have non cellular above negative include beyond 5g illness both and get increased learning human plants well memory stating there impacts numerous effects warn
1254229187084378113.png,microwave humans free blackout structural potential dangerous harmful listen interview from neurological how instance goes race echoes deficits entitled radiation general serious functional doctors growing credit steele now radicals damage changes you quote this evidence stress health scientists risk damages stu cancer levels lethal system symptoms idea genetic mark the animals increase warned disorders appeal horrifying for have media non cellular above bay continues negative include beyond 5g illness both mainstream and get increased learning human plants well memory stating there impacts unimaginable numerous effects warn
1244139434808717312.png,rage radiation bay levels lethal unimaginable now
1154482945807269889.png,for rage
1108914785989603330.png,rank
1230482554555379714.png,
1251489366167490562.png,oak
1121102322313170945.png,presented known contains aids depression your damage autism have arthritis cannabis body least ill marijuana health chronic many diabetes cancers nausea brain are medical anxiety pain value
1222030561801146369.png,presented known contains aids depression your damage autism have arthritis cannabis least health chronic many diabetes cancers nausea brain are medical anxiety pain value
1251873444297355271.png,real tau ape lee coronavirus
1247275748098027521.png,west use users chairman conduct education creates san country delivery november our first conducted witt nigeria potential possibilities self reliable from benefits pleased immensely terms africa victor driving communication general applications experience security explore time collaboration cases all ministry will operator island this application partners communications living gain delays thursday opportunity supports plaza speed financial its lagos has streaming the real tau vast mobile increase post even directors for leisurely video more norman tremendous office digital announce playground cars successfully result nigerian massive trial service network latency less such quality between 5g ultra better are excited numbers becomes and innovation victoria technology services about economy strong gaming coronavirus purposes unique commission that social bandwidth addition improve transformation johnson next efficiency offers devices public
1250479070275657733.png,west use users chairman conduct education creates san country delivery november our first conducted witt nigeria potential possibilities self from benefits pleased immensely terms africa victor driving communication general applications security time collaboration cases all ministry operator island this application partners communications living gain thursday opportunity supports plaza speed financial its lagos streaming the increase post even directors for leisurely video more norman tremendous office digital announce playground cars successfully result nigerian massive trial service network latency less such quality between 5g are excited numbers becomes and innovation technology services about economy strong gaming purposes unique commission that addition improve transformation next efficiency offers devices
1246484036597547010.png,eat
1129471373116563457.png,the world base cause intel and dew mass decisions crumb knowing default have simple source rent suffering this certain fact connected share must fellow but open dec that would released fevers ron forgotten rate stan dora outcomes how make became eat understand one rest life mat value idea
1238871201805713409.png,base mass decisions crumb simple first suffering release breakthrough share fellow hoffman would confident forgotten further rate regulatory process dora outcomes how goes became understand life take complete within potentially cause all will this science must scientists israeli marketplace value planned days against idea the intel post dew enter minister could knowing have rent weeks certain more connected least but novel research released fevers stan make one rest are galilee exciting world and developing few technology congratulations once ready default source fact developed coronavirus cusp said open dec institute that there according available
1224297031553806338.png,the within potentially and developing few post technology congratulations all enter once will minister could ready hater have first weeks release science this more breakthrough least hoffman developed coronavirus research novel cusp said scientists institute confident there israeli process regulatory marketplace according goes take are galilee exciting complete planned days against available
1247961528155942914.png,hater
1094404093949276165.png,abet same with birth campaign dynamics soured hal experimental prolong columbia nose announced researchers lafayette show nairobi obtained november identifying independent where some vancouver reduce group sets radon from set repeated abstract seep three doctors unstable additional last used administering anus october known tested neural march alleged communicative currently recess published hog botany control two ones yet christopher tone team found ate pregnant program foul test abortions accredited being ace concern ryan shows bear halt batch system the underway working chemistry raises none had saying vials common appeared analyses quest for medicine earlier immense more females sample pregnancy potent graduate growth raced research john but stephen mash raul recipients present result pen were half again taxed clement aces was earl anti are journal samples purpose cape these numbers world grow publications already and developing dome tons immune long human causes need range canada attacked should eve subsequent asserted using crate catholic developed planning who open church that pope not library ore involved deep results producing sciences expected prevent kenya louisa tie end felicia gap vial
1247652831760453632.png,abet with campaign soured hal prolong announced show november identifying independent where owe some reduce radon set abstract seep doctors unstable anus additional used last october known march tested recess currently published botany two ones yet christopher tone found program pregnant abortions lie being ace concern ryan shows bear halt batch the working raises none had vials for quest immense earlier females sample potent raul john but stephen mash result pen were taxed clement was earl are samples cape these grow world publications nat and developing dome tons long human hom see need range attacked should eve asserted using catholic developed who open that ore deep producing expected prevent kenya end gap underway
1246540116300107776.png,the basal with theory nat security leak think lab base infected anise wuhan dock virus while ministers hom new claims blood owes banged sprayed research glen staff briefings china tank page lackey startling study being did from got after
1237096056439083008.png,the news with theory leak base security bid lab infected hal runs wuhan rakes oral virus while ministers new claims blood mae banged sprayed research staff glen briefings dare page startling ron study did from mat got raman rarely after
1223303460294156288.png,news bid hal runs rakes
1240740987573547019.png,news israel
1197663542784249857.png,ere judicial watch israel
1255535396282421249.png,ere the for isles 19 same watch judicial trade take post pray covid and are zero wins number
1247659244184354827.png,the same message installed covid and tale post number all yesterday while for our send supermarkets where busy towers over 19 installing trade main meanwhile they isles 5g take are zero everyone streets wins government
1255117408844623872.png,the message installed all yesterday while handle our you send supermarkets where can busy towers over installing main truth they 5g are everyone streets government
1254725590894161921.png,the find already and sell time handle will have you see thereafter solution can antidotes pretend tile truth they when take
1216525363016339457.png,they the oil find when see have take already and pretend time solution
1246033735893598208.png,oil
1246688148463267840.png,
1247999414767161345.png,walls they rod curfew chat boast got cornet night these why
1243011022824374273.png,they rod curfew ate boast got cornet night why
1233470972918927367.png,pet pat
1246204709901303809.png,ace bill gates microsoft founder exclusive pat all
1249699236817625093.png,ace funder bill gates microsoft deleting petitions elite founder exclusive change major dole accused exposing all
1244607633681760256.png,funder project deleting elite change major dole accused
1239316640384405511.png,mines matt with arsenal hudson ortega iran women project national dutton london wood nationalist 19 hospital basketball foreign mitchell canadian heritage synagogue affairs prime philip general iranian security manager tehran senior players died italian advisor communications brazil lombardy vatican health sophie ali cultural mayor district executive donovan economic wife town rudy player jansen sun parliament british the football rabbi presidents utah wilson ambassador minister spain trudeau for officials managing committee editor party john chief deputy head paris diplomat family development chelsea vice smith celebrities virus irene secretary president home business industry coronavirus peter australia tom equality airports anonymous nadine jazz
1226771043898945538.png,mines matt with arsenal hudson ortega iran women national dutton london wood interesting nationalist 19 hospital basketball foreign mitchell scroll canadian heritage synagogue affairs prime philip general section iranian security manager tehran senior players died you italian this advisor communications brazil epicenter lombardy vatican health sophie ali cultural mayor district executive donovan economic wife town rudy player jansen sun parliament british the find football client rabbi presidents anyone utah wilson ambassador minister spain trudeau for officials managing committee editor party but john spotted look page chief deputy head saw also paris diplomat chemical family development chelsea vice know out vendors smith and wuhan celebrities virus irene secretary president web amazing home business industry boards coronavirus peter compound scientific that australia tom equality airports anonymous nadine twitter jazz
1247263488944361474.png,loss behind headaches interesting tremors high scroll exposure nausea leg bronchitis radiation pain section dizziness within itching chest facial altered you this pneumonia difficulty epicenter experiencing asthma problems symptoms the reflexes find sugar abnormalities client naval anyone depression joint enlarged muscle foot blood body but visions spotted concentrating look research page burning fatigue rash hair saw also chemical flushing heart are medical anxiety deteriorating know out vendors digestive abdominal and wuhan insomnia pressure immune web amazing eyes tingling boards coronavirus low skin compound scientific institute that memory anonymous brain respiratory twitter others
1225565321156812811.png,abdominal the reflexes dizziness within sugar abnormalities naval insomnia itching chest loss pressure facial ail depression altered immune joint you enlarged muscle eyes behind headaches foot tingling blood body pneumonia difficulty tremors visions concentrating low skin experiencing research high burning memory fatigue institute rash hair asthma exposure flushing ads nausea leg brain respiratory problems heart bronchitis are radiation medical anxiety pain she others deteriorating symptoms digestive
1240031532141568000.png,ads onto coronavirus
1258218719744008192.png,aye
1258023104602767366.png,
1247583720850083841.png,the news fever radiations electromagnetic collections and discover ago all waveform baseless days other headaches independent temperature uses rises non more communications pneumonia coronavirus like images cellular that systems exposure include they emits map respiratory 5g problems effects search mat eat iterations flu symptoms note
1237809460162093057.png,the news fever radiations electromagnetic collections and discover ago all waveform baseless days other headaches independent temperature uses rises non more communications pneumonia coronavirus like images cellular that systems exposure include they emits respiratory 5g problems effects mat eat search iterations flu symptoms note
1247643543126056961.png,locked door strong holds seer rate
1247284512624496640.png,locked door fog seer rate
1245247441709998080.png,rain for 5g service launched has
1256824318631260160.png,the news showing views for this beer but service that not poles destroying bless they rain international triggering 5g aware are launched chinese has symptoms thing
1143546979018006529.png,the rue switzerland showing views renee civilizations variety dee this lang teeth bee beer that ear poles destroying bless fields from they ancient international triggering 5g aware conference are chinese studying has thing
1243094811751546880.png,ancient international civilizations variety ear conference are fields studying renee from cot
1255634419366289409.png,rename rear renee earthy cot
1251715216443756544.png,the world top orr however mobile rename and coo try pet lad human have twitter ones this always late patients replying evidence coronavirus novel 19 people who transmission health poe there been clear from further organization such when concern mine requires respiratory mat its has investigation symptoms
1247623340837220353.png,world the top mobile however ike has and lad try symptoms human have see ones always this patients replying evidence coronavirus novel people who transmission health poe there been clear further from such concern when requires respiratory its twitter investigation organization
1246494190437105665.png,ban see
1253877789952000001.png,ban
1241650346708963331.png,cellular 5g board evolution memory network storage
1250861915972272128.png,impact will cellular 5g board evolution memory gin untested its and lethal lee mental network emotional planned storage
1234107835337912320.png,will gin untested its and lee mental lethal planned
1247680994821509121.png,point your with wit chris ores view what via
1227158416608694273.png,your point wit chris ores view what
1123359858106032130.png,add
1241978718320332802.png,add you war warm contrary man learned are rich mull won what know did sneer fight
1244232972468981760.png,learned mats you new won cart warm contrary man test rich tact what did mull sneer check are mall know tip fight
1247434655864889345.png,cart new mall test tact
1246438498678312961.png,
1242173512414105600.png,
1152356963524763649.png,ace fag exists wise reliever fed fame poe october his cop ever sandman eel season
1245141228133351424.png,the with company dark rae october translated and mice years lee whether ago virus able derived fag for november biological human fed media broadcast italian video exposed connected believed compatibility italy authored via transcription coronavirus doing china reels five scientists risk poe worth were efforts his order english bats was from state modify ace how organisms exists experiments below asking which chinese owned showed viruses
1238615397861068800.png,the news with company dark rae translated and mice years whether ago virus able derived comes for november biological human media you broadcast italian video hey exposed connected believed compatibility dow authored via transcription coronavirus seat doing china five scientists risk worth itch were efforts order english oar bats was from state modify how organisms experiments below asking which chinese owned showed viruses trump
1244263597389148161.png,signs seat the news ere ran song cancer hey tale oar dow mate comes trump
1226965729867698177.png,signs ran cancer tale trump
1220202791836188677.png,patent documents states united han foreign from humans date isolated may coronavirus
1246889934381879297.png,patent documents the states way and fears information isolated may president martial shutdown control coronavirus united social foreign blame from point gout wag date trump
1253758516285800453.png,the radio electromagnetic used cause mobile college lacks way and phone sufficient president david martial shutdown visible spectrum for damage source energy micro non london where says low rays cellular violet high frequency blame physicist researcher grimes means break wave networks gamma fits 5g ultra gout cancer coon radiation are waves phones light imperial apart robert which band trump
1246087015034216454.png,the radio electromagnetic used cause mobile college lacks and phone sufficient david for damage visible spectrum source energy micro non london ian where says low rays cellular violet high frequency physicist researcher grimes means break wave networks gamma fits 5g ultra coon cancer radiation are waves phones light apart robert which band
1077492439512989698.png,seed the say pen amy ian donald oar trump
1258125685014568960.png,the ventura people homes their health ate county oils pen department moving donald trump from seed
1252194012691173384.png,graphics oils moving number positives ventura range compositional identities bits adjust coronavirus matches people gaps health ate county department expect nay sequence method matrix protein length partial score query
1249721607867846656.png,sore west ties mens abe powers waco loss san rebels shy port identifying lame gil east anders 19 gone ear shear newport roe sequence method leg sign tea matrix part protein start sea anus graphics ante say fish ass number identities new toe removed aye north adjust alee seat cure belt expect ring balcony pest bear acid smote partial ions pare hence score british rosa the positives regiment cam for abort alfa wigs hey export bits mayo vane tina seer matches canals legend were van tend food anti rein meat query organ cone sing sal bar lager rand ireland lenses see range compositional ito lin calm rite coronavirus gaps calorie that cork coast resistance canton laos eye tie sons actions length tips
1244805354401280003.png,the anus abe organ cone powers pate sal waco ass bar san lager rand shy ireland port regiment cam for abort see alfa identifying lame hey export new toe mayo removed calm vane rite tina aye alee north seer calorie belt canals gone ear that shear legend were newport ring roe cork coast balcony van pest canton leg laos food eye tie part sons rein pare hence british rosa sea
1251076961645944834.png,ray bee
1246721499043692544.png,the news white covid and response ago prevention all effectiveness help informed pandemic claims enhance can bee digital coronavirus drive images emergencies 19 treatment that major systems from such transformation current 5g paper maps has ray days public fight
1248230884446216193.png,the news white covid and years response ago prevention effectiveness all help for have informed about pandemic this claims conspiracy enhance can digital emergencies coronavirus drive images 19 people treatment that major what been systems from such transformation trying current 5g paper maps warn has days public fight
1244349895974273024.png,trying for black people have 5g about this years what been conspiracy warn all
1254994597953953793.png,people black all
1246069646899306499.png,
1243568729834881024.png,world the with cause equipment already and hiring few great building virus all hospitals dozens chaos you prepared economy create impressive stocked materials plaster spread europe dominate stage antidote were starting countries water network sewage how quickly efficiency volume projects chinese ordering labor days after
1243220847805886469.png,world the holocaust rwanda with never news adore cause equipment already and hiring few great ned building virus all hospitals dozens chaos fag you parc prepared economy create impressive stocked materials cambodia plaster spread europe dominate stage antidote dare nanking were starting again countries water network armenia sewage how quickly efficiency volume projects chinese ordering labor days after
1250732776749510656.png,the holocaust rwanda news never with guise stop masses apple under covid trusted views helping login ned giants could fag parc pandemic hoover cambodia more can 19 data dare nanking again personal armenia adore
1239307819402264576.png,the stop guise with masses apple under covid trusted views helping login giants could week pandemic hoover more can bee 19 data personal
1246385295114657793.png,the world special with place april covid and miss pat sal all discuss will today gates our responding week changing conversation bee 19 don guest their academy live how bill take pay daily fin shit paula
1238563096836411396.png,stop with place april become mules allow mass opiate try air gates our sao era dee headaches pandemic little can bee snake 19 hide reduce sees set live how bill only goes duels take pay daily shit cot down wrap board views miss worldwide field all hoe discuss will today rod peer orders this new del toe seed guest their health ate believing waits pony ace allergy eat mat errata its rates has sods system ocean the news ere arena reds into situ plan rae covid urges stone responding pollution pesticide changing mann sirs don discharge look ted detail academy senses ink make smell dar are attack fin rein paula world special mainstream and disgrace sal virus rand see rater fact ceres conversation soon sues that theses ore poem mistake bars cod
1245094502433505280.png,stop with antennas become mules allow announced mass opiate try operators sao dee pandemic little makes bee snake 19 reduce smarter set from build only goes surge cot faster worldwide field all hoe currently will today peer orders this new toe several their health connectors pony being networks eat mat errata its revealed has sods ocean the arena reds into rae plan stone for pollution support power look detail ink february make 5g dar attack rein implementation world solutions and disgrace sal virus rand see hickory rater fact ceres options told that around wireless not ore poem there bars antenna simpler public
1245261976001019905.png,with powers antennas advice announced operators arrest come makes 19 smarter listen from they build surge after faster additional currently will today most restrictive breach this new restrictions several people their health them connectors being mac networks revealed latest read the news into covid had for have support more power but movements photograph february make stopping 5g implementation began world solutions and those force ireland hickory about coronavirus options times told that around wireless not question there expected irish antenna simpler public
1254910098058604544.png,the news additional into powers covid advice had announced those force ireland public will for most have restrictive about arrest breach new come more power restrictions coronavirus but 19 times people movements their health them photograph question listen mac expected they stopping latest read irish began after
1248534399630675974.png,
1246472568321781760.png,
1255529033997209607.png,the too same with place ares paul just and update communicate heap wane all will your long huck other camp through tonight have forums hey send pipeline roger come outpost watching happening late plenty stall later eagle over usual figures ware open far star that connection expect been here asset rove each from commander much wars trough chat any something memo
1256871280839720960.png,the too with ares paul banned and global communicate heap tyranny wane all dot david your long huck other camp tonight have boy forums hey pipeline roger come outpost watching late plenty stall for eagle over usual figures ware connector far star that ate connection expect been each commander much wars trough chat any something
1258121960862568448.png,dot the david for boy connector banned global tyranny
1166747501661163521.png,the news until time wait tuned exclusively through see you loved first video suits this brand power promoted launches collection heels was fun launch dancing stay since started wearing big bold
1234205131958292481.png,with possible advice through loved first independent departments launches request from exposure radiation safety paragraph date requests until time global you natural suits this removed dated expert health interest man previously launch dancing stay has provide the news advisory subject exclusively for video dear committee non power promoted official regards issue present heels care made was fun february started are guidelines conflicts government scandal reported both and wait tuned your see whose brand huge remit thank kind collection social not department there effects since wearing big bold
1247471571859656705.png,provide the with requests scandal advisory subject both reported and has possible advice for your you whose natural paragraph dear committee independent non this departments removed huge official remit dated regards thank expert issue kind present health social interest man not department care request there made previously from exposure february effects radiation are safety guidelines conflicts government date
1244931396940029952.png,ere united premise see liverpool plymouth legal aberdeen maps king bind airways stoke vane nottingham
1248953566817128449.png,ere united premise see liverpool ness plymouth legal aberdeen come maps bind stoke nottingham
1253686187077689349.png,come republic california ness
1221509347529936896.png,the outbreak stop and california oat global bar about pandemic their republic efforts ann senses prevent how learn next influenza rat against
1246034195517972481.png,the outbreak radio coverage sanctions warning given warned covid oat updates advice severe give all baseless for promote our see media about jim face pandemic editor conspiracy station theories coronavirus 19 broadcasters outlets told false health that broadcasting not ann sussex was being from senses prevent how they 5g latest are regulator rat british after
1237836836858482695.png,the warning radio coverage sanctions given warned covid updates advice severe give all baseless for promote our see media about jim face editor pandemic conspiracy station theories coronavirus 19 broadcasters outlets told false health that broadcasting not ages sussex was being from they 5g latest are regulator british after
1237816740681150466.png,the translate with sites poison and partner recent glass congratulations will off italian blows about play bead italy citizens well actually mae posts via leaders their health care ages follow being game longer lid seep nutrition
1245604232746524674.png,the world translate related with sites security subject poison and partner updated recent update glass announced field trials show may all will operators off tin blows about play more bead italy citizens well actually mae posts combination via research images leaders their health copyright sees marin care follow being learn how map game 5g longer lid seep sect
1109334560045563904.png,world the related security subject raid pea pike update change pat bank oat show pits gold trials all may mole operators raw tin more reserves combination central rake images copyright their sees marin monthly tamer learn how map eat 5g ounces stale troy russian sect
1253457114946813952.png,the white paycheck pea pike oat bank pits gold phase force tit tonight reserves pale opel coronavirus central breaking house replenish program pelt aims briefing task bill protection ounces stale troy russian
1246784520969310209.png,the peel white paycheck phase force tit tonight opel coronavirus breaking house replenish program aims briefing task bill protection
1245023467784863746.png,while 5g vehicles everyone hides putting newark virus from these
1254074395321982981.png,mark while the bill gates 5g vehicles everyone hides putting newark beast virus from these
1247324083588485120.png,mark the bill gates 5g beast coronavirus
1247500055717830656.png,5g
